id,class
1,G
3,G
5,F
7,G
9,G
11,F
13,F
15,F
17,G
19,G
21,F
23,G
25,F
27,F
29,G
31,F
33,G
35,G
37,G
39,F
41,F
43,G
45,G
47,F
49,G
51,D
53,D
55,F
57,F
59,G
61,G
63,F
65,G
67,F
69,G
71,F
73,G
75,G
77,F
79,G
81,F
83,G
85,G
87,E
89,G
91,G
93,F
95,F
97,G
99,G
101,G
103,G
105,G
107,G
109,F
111,G
113,F
115,G
117,F
119,F
121,F
123,G
125,G
127,G
129,F
131,G
133,F
135,G
137,G
139,G
141,F
143,G
145,E
147,F
149,F
151,F
153,G
155,F
157,F
159,G
161,A
163,G
165,G
167,F
169,G
171,G
173,G
175,G
177,F
179,G
181,G
183,G
185,F
187,G
189,F
191,G
193,F
195,F
197,F
199,G
201,E
203,G
205,G
207,G
209,F
211,F
213,F
215,F
217,G
219,G
221,G
223,F
225,F
227,G
229,F
231,F
233,G
235,G
237,G
239,G
241,F
243,E
245,G
247,G
249,F
251,G
253,G
255,F
257,D
259,G
261,G
263,F
265,F
267,E
269,F
271,F
273,G
275,F
277,F
279,F
281,G
283,F
285,G
287,G
289,G
291,F
293,D
295,F
297,F
299,G
301,G
303,G
305,F
307,G
309,F
311,G
313,F
315,G
317,A
319,G
321,F
323,F
325,G
327,F
329,G
331,G
333,G
335,F
337,G
339,G
341,F
343,F
345,F
347,G
349,G
351,G
353,G
355,G
357,G
359,G
361,G
363,G
365,F
367,G
369,D
371,F
373,G
375,F
377,A
379,G
381,G
383,F
385,F
387,G
389,G
391,F
393,F
395,E
397,F
399,F
401,F
403,F
405,G
407,G
409,D
411,D
413,G
415,G
417,G
419,G
421,G
423,F
425,G
427,D
429,G
431,F
433,G
435,F
437,G
439,G
441,G
443,G
445,G
447,F
449,F
451,G
453,F
455,F
457,G
459,G
461,G
463,F
465,G
467,G
469,F
471,F
473,E
475,F
477,F
479,F
481,F
483,F
485,G
487,D
489,G
491,F
493,G
495,F
497,F
499,F
501,F
503,G
505,F
507,F
509,F
511,F
513,F
515,F
517,F
519,G
521,G
523,G
525,F
527,G
529,F
531,G
533,G
535,F
537,G
539,D
541,G
543,G
545,F
547,F
549,G
551,G
553,G
555,D
557,F
559,G
561,F
563,F
565,F
567,G
569,E
571,F
573,F
575,F
577,G
579,F
581,F
583,C
585,G
587,G
589,G
591,F
593,G
595,G
597,F
599,G
601,F
603,F
605,G
607,F
609,F
611,F
613,F
615,F
617,F
619,G
621,G
623,F
625,G
627,F
629,G
631,G
633,F
635,F
637,G
639,G
641,G
643,F
645,F
647,G
649,G
651,F
653,F
655,G
657,F
659,G
661,F
663,G
665,F
667,G
669,F
671,G
673,G
675,G
677,G
679,F
681,G
683,F
685,G
687,F
689,F
691,D
693,G
695,G
697,G
699,G
701,D
703,G
705,G
707,G
709,G
711,F
713,F
715,G
717,G
719,F
721,G
723,F
725,F
727,G
729,F
731,G
733,G
735,G
737,G
739,F
741,F
743,G
745,F
747,F
749,G
751,F
753,F
755,F
757,E
759,F
761,F
763,F
765,G
767,G
769,F
771,G
773,F
775,G
777,F
779,F
781,F
783,G
785,G
787,G
789,G
791,G
793,A
795,F
797,G
799,G
801,F
803,G
805,G
807,G
809,G
811,F
813,G
815,F
817,F
819,G
821,F
823,F
825,D
827,F
829,G
831,G
833,F
835,F
837,G
839,F
841,F
843,G
845,F
847,G
849,D
851,G
853,G
855,G
857,G
859,F
861,G
863,F
865,F
867,G
869,F
871,F
873,F
875,F
877,G
879,F
881,F
883,F
885,F
887,G
889,G
891,E
893,F
895,D
897,D
899,G
901,G
903,F
905,G
907,G
909,G
911,G
913,G
915,F
917,G
919,G
921,G
923,G
925,A
927,G
929,G
931,F
933,F
935,F
937,G
939,F
941,G
943,G
945,F
947,G
949,F
951,G
953,F
955,F
957,F
959,G
961,G
963,G
965,F
967,G
969,F
971,G
973,E
975,G
977,F
979,F
981,F
983,F
985,G
987,G
989,F
991,F
993,G
995,G
997,G
999,G
1001,G
1003,G
1005,F
1007,F
1009,F
1011,G
1013,G
1015,F
1017,G
1019,G
1021,E
1023,G
1025,F
1027,G
1029,G
1031,G
1033,G
1035,G
1037,G
1039,F
1041,F
1043,G
1045,G
1047,F
1049,F
1051,G
1053,E
1055,F
1057,G
1059,G
1061,G
1063,G
1065,G
1067,G
1069,G
1071,G
1073,G
1075,G
1077,G
1079,F
1081,F
1083,F
1085,G
1087,G
1089,F
1091,F
1093,G
1095,G
1097,F
1099,F
1101,G
1103,G
1105,G
1107,F
1109,G
1111,F
1113,G
1115,F
1117,F
1119,F
1121,F
1123,F
1125,F
1127,G
1129,G
1131,F
1133,F
1135,F
1137,G
1139,F
1141,G
1143,G
1145,G
1147,F
1149,G
1151,F
1153,F
1155,F
1157,G
1159,G
1161,G
1163,G
1165,F
1167,F
1169,F
1171,F
1173,G
1175,G
1177,F
1179,G
1181,G
1183,F
1185,G
1187,G
1189,G
1191,G
1193,G
1195,F
1197,G
1199,F
1201,G
1203,G
1205,G
1207,G
1209,G
1211,F
1213,G
1215,D
1217,G
1219,F
1221,E
1223,G
1225,G
1227,F
1229,G
1231,G
1233,G
1235,G
1237,G
1239,F
1241,F
1243,G
1245,D
1247,F
1249,G
1251,F
1253,G
1255,G
1257,F
1259,F
1261,G
1263,F
1265,F
1267,G
1269,F
1271,G
1273,G
1275,G
1277,G
1279,F
1281,F
1283,G
1285,G
1287,F
1289,F
1291,F
1293,F
1295,F
1297,G
1299,G
1301,F
1303,F
1305,G
1307,G
1309,F
1311,F
1313,F
1315,F
1317,A
1319,F
1321,G
1323,F
1325,F
1327,F
1329,G
1331,F
1333,G
1335,G
1337,G
1339,D
1341,F
1343,G
1345,G
1347,F
1349,G
1351,F
1353,F
1355,F
1357,G
1359,G
1361,G
1363,G
1365,F
1367,F
1369,F
1371,G
1373,G
1375,G
1377,F
1379,G
1381,G
1383,G
1385,F
1387,G
1389,A
1391,G
1393,G
1395,F
1397,G
1399,F
1401,F
1403,D
1405,F
1407,G
1409,G
1411,G
1413,F
1415,G
1417,G
1419,G
1421,F
1423,F
1425,G
1427,G
1429,G
1431,F
1433,F
1435,G
1437,F
1439,F
1441,G
1443,G
1445,F
1447,G
1449,G
1451,G
1453,F
1455,F
1457,F
1459,F
1461,E
1463,G
1465,F
1467,G
1469,E
1471,F
1473,G
1475,F
1477,G
1479,G
1481,G
1483,G
1485,G
1487,F
1489,G
1491,G
1493,G
1495,E
1497,F
1499,G
1501,G
1503,F
1505,G
1507,G
1509,G
1511,G
1513,G
1515,G
1517,G
1519,G
1521,F
1523,G
1525,F
1527,F
1529,G
1531,F
1533,G
1535,F
1537,F
1539,G
1541,E
1543,G
1545,G
1547,F
1549,G
1551,F
1553,G
1555,A
1557,G
1559,G
1561,F
1563,F
1565,F
1567,A
1569,G
1571,F
1573,F
1575,G
1577,F
1579,F
1581,G
1583,G
1585,G
1587,G
1589,G
1591,G
1593,G
1595,G
1597,G
1599,E
1601,G
1603,F
1605,F
1607,G
1609,F
1611,F
1613,F
1615,F
1617,F
1619,G
1621,G
1623,F
1625,G
1627,F
1629,F
1631,F
1633,F
1635,F
1637,G
1639,G
1641,F
1643,G
1645,F
1647,G
1649,G
1651,G
1653,G
1655,G
1657,G
1659,G
1661,F
1663,E
1665,G
1667,F
1669,F
1671,G
1673,F
1675,G
1677,G
1679,F
1681,G
1683,F
1685,G
1687,G
1689,G
1691,F
1693,F
1695,G
1697,F
1699,G
1701,F
1703,G
1705,F
1707,G
1709,G
1711,G
1713,F
1715,F
1717,F
1719,F
1721,D
1723,F
1725,G
1727,G
1729,F
1731,D
1733,F
1735,G
1737,G
1739,G
1741,G
1743,F
1745,G
1747,F
1749,F
1751,F
1753,F
1755,F
1757,G
1759,G
1761,F
1763,G
1765,D
1767,F
1769,F
1771,D
1773,G
1775,G
1777,G
1779,G
1781,F
1783,G
1785,G
1787,F
1789,G
1791,G
1793,F
1795,F
1797,G
1799,F
1801,G
1803,G
1805,F
1807,F
1809,G
1811,F
1813,E
1815,F
1817,F
1819,F
1821,G
1823,F
1825,F
1827,E
1829,F
1831,G
1833,F
1835,G
1837,G
1839,F
1841,G
1843,E
1845,F
1847,G
1849,G
1851,G
1853,G
1855,F
1857,G
1859,F
1861,G
1863,G
1865,G
1867,G
1869,D
1871,G
1873,F
1875,G
1877,G
1879,F
1881,F
1883,G
1885,G
1887,F
1889,F
1891,G
1893,G
1895,F
1897,F
1899,F
1901,F
1903,G
1905,G
1907,G
1909,G
1911,G
1913,G
1915,F
1917,F
1919,G
1921,F
1923,F
1925,G
1927,G
1929,F
1931,G
1933,G
1935,F
1937,F
1939,G
1941,G
1943,G
1945,G
1947,E
1949,G
1951,G
1953,G
1955,F
1957,G
1959,F
1961,G
1963,F
1965,G
1967,F
1969,F
1971,D
1973,F
1975,F
1977,F
1979,G
1981,G
1983,G
1985,G
1987,G
1989,G
1991,F
1993,F
1995,F
1997,F
1999,F
2001,F
2003,G
2005,F
2007,G
2009,G
2011,G
2013,F
2015,G
2017,E
2019,F
2021,F
2023,F
2025,F
2027,G
2029,G
2031,F
2033,F
2035,F
2037,G
2039,G
2041,G
2043,G
2045,G
2047,F
2049,F
2051,F
2053,F
2055,G
2057,F
2059,F
2061,G
2063,G
2065,D
2067,G
2069,F
2071,E
2073,F
2075,F
2077,G
2079,G
2081,F
2083,G
2085,F
2087,G
2089,G
2091,G
2093,G
2095,F
2097,F
2099,G
2101,E
2103,G
2105,D
2107,F
2109,F
2111,F
2113,F
2115,G
2117,F
2119,G
2121,G
2123,G
2125,F
2127,F
2129,G
2131,E
2133,F
2135,F
2137,F
2139,F
2141,F
2143,F
2145,D
2147,F
2149,E
2151,F
2153,F
2155,F
2157,F
2159,F
2161,F
2163,D
2165,F
2167,F
2169,F
2171,F
2173,F
2175,F
2177,F
2179,D
2181,F
2183,F
2185,F
2187,F
2189,F
2191,F
2193,C
2195,F
2197,F
2199,F
2201,G
2203,F
2205,E
2207,F
2209,F
2211,D
2213,F
2215,F
2217,F
2219,F
2221,F
2223,F
2225,F
2227,F
2229,F
2231,F
2233,F
2235,F
2237,F
2239,F
2241,F
2243,F
2245,F
2247,F
2249,F
2251,F
2253,F
2255,F
2257,F
2259,F
2261,F
2263,F
2265,F
2267,F
2269,F
2271,F
2273,F
2275,F
2277,F
2279,F
2281,F
2283,F
2285,F
2287,F
2289,F
2291,F
2293,F
2295,F
2297,F
2299,F
2301,F
2303,F
2305,F
2307,F
2309,F
2311,F
2313,F
2315,F
2317,F
2319,F
2321,F
2323,F
2325,F
2327,F
2329,F
2331,E
2333,F
2335,E
2337,F
2339,F
2341,F
2343,F
2345,F
2347,F
2349,F
2351,D
2353,F
2355,F
2357,F
2359,F
2361,F
2363,F
2365,F
2367,F
2369,E
2371,F
2373,F
2375,F
2377,E
2379,F
2381,F
2383,F
2385,F
2387,E
2389,F
2391,F
2393,F
2395,F
2397,D
2399,F
2401,E
2403,F
2405,F
2407,F
2409,F
2411,F
2413,F
2415,F
2417,F
2419,F
2421,F
2423,F
2425,F
2427,G
2429,F
2431,F
2433,E
2435,F
2437,E
2439,F
2441,F
2443,F
2445,F
2447,F
2449,F
2451,F
2453,F
2455,E
2457,F
2459,F
2461,F
2463,F
2465,D
2467,F
2469,D
2471,F
2473,F
2475,F
2477,F
2479,F
2481,F
2483,F
2485,F
2487,E
2489,F
2491,F
2493,F
2495,F
2497,F
2499,F
2501,F
2503,F
2505,F
2507,F
2509,F
2511,F
2513,F
2515,F
2517,F
2519,F
2521,F
2523,F
2525,F
2527,F
2529,F
2531,F
2533,F
2535,F
2537,F
2539,F
2541,F
2543,F
2545,F
2547,D
2549,F
2551,F
2553,F
2555,F
2557,F
2559,F
2561,F
2563,F
2565,F
2567,F
2569,F
2571,F
2573,F
2575,F
2577,F
2579,F
2581,D
2583,E
2585,F
2587,F
2589,F
2591,F
2593,F
2595,F
2597,F
2599,G
2601,F
2603,F
2605,E
2607,F
2609,F
2611,F
2613,F
2615,F
2617,F
2619,F
2621,F
2623,F
2625,F
2627,F
2629,F
2631,F
2633,F
2635,F
2637,D
2639,E
2641,F
2643,F
2645,F
2647,F
2649,F
2651,F
2653,F
2655,F
2657,F
2659,F
2661,F
2663,F
2665,E
2667,F
2669,F
2671,E
2673,F
2675,D
2677,F
2679,F
2681,F
2683,D
2685,F
2687,F
2689,F
2691,F
2693,F
2695,F
2697,E
2699,F
2701,F
2703,D
2705,D
2707,F
2709,F
2711,F
2713,E
2715,F
2717,E
2719,F
2721,E
2723,F
2725,A
2727,F
2729,F
2731,F
2733,F
2735,F
2737,F
2739,F
2741,F
2743,F
2745,F
2747,F
2749,F
2751,F
2753,E
2755,F
2757,F
2759,F
2761,D
2763,E
2765,F
2767,F
2769,F
2771,F
2773,F
2775,F
2777,F
2779,F
2781,F
2783,F
2785,E
2787,F
2789,E
2791,F
2793,F
2795,F
2797,E
2799,F
2801,F
2803,E
2805,F
2807,F
2809,F
2811,F
2813,F
2815,F
2817,F
2819,C
2821,D
2823,D
2825,E
2827,E
2829,D
2831,D
2833,E
2835,A
2837,E
2839,D
2841,E
2843,E
2845,D
2847,A
2849,B
2851,D
2853,D
2855,A
2857,D
2859,C
2861,E
2863,D
2865,E
2867,D
2869,D
2871,D
2873,E
2875,E
2877,A
2879,E
2881,A
2883,A
2885,D
2887,D
2889,E
2891,E
2893,E
2895,D
2897,A
2899,D
2901,A
2903,D
2905,E
2907,E
2909,E
2911,E
2913,D
2915,B
2917,E
2919,D
2921,E
2923,E
2925,E
2927,E
2929,E
2931,E
2933,D
2935,D
2937,D
2939,D
2941,C
2943,D
2945,D
2947,E
2949,E
2951,B
2953,E
2955,E
2957,D
2959,D
2961,A
2963,D
2965,E
2967,C
2969,E
2971,E
2973,E
2975,E
2977,E
2979,E
2981,D
2983,E
2985,A
2987,D
2989,A
2991,B
2993,A
2995,D
2997,E
2999,E
3001,A
3003,A
3005,E
3007,E
3009,D
3011,E
3013,E
3015,D
3017,E
3019,D
3021,A
3023,D
3025,D
3027,D
3029,E
3031,E
3033,E
3035,E
3037,E
3039,D
3041,D
3043,E
3045,D
3047,E
3049,D
3051,D
3053,E
3055,E
3057,D
3059,E
3061,E
3063,D
3065,C
3067,E
3069,D
3071,D
3073,D
3075,E
3077,E
3079,C
3081,E
3083,E
3085,E
3087,E
3089,D
3091,E
3093,E
3095,A
3097,D
3099,A
3101,E
3103,E
3105,A
3107,D
3109,A
3111,D
3113,E
3115,A
3117,A
3119,D
3121,D
3123,A
3125,E
3127,D
3129,A
3131,A
3133,D
3135,A
3137,A
3139,E
3141,E
3143,D
3145,E
3147,E
3149,E
3151,D
3153,D
3155,E
3157,E
3159,D
3161,E
3163,D
3165,A
3167,E
3169,E
3171,E
3173,E
3175,A
3177,A
3179,E
3181,E
3183,E
3185,A
3187,E
3189,E
3191,E
3193,E
3195,E
3197,A
3199,A
3201,C
3203,D
3205,E
3207,A
3209,A
3211,A
3213,D
3215,D
3217,E
3219,D
3221,D
3223,E
3225,D
3227,E
3229,D
3231,E
3233,A
3235,C
3237,D
3239,A
3241,D
3243,E
3245,E
3247,E
3249,D
3251,E
3253,E
3255,E
3257,E
3259,A
3261,A
3263,A
3265,E
3267,D
3269,E
3271,A
3273,E
3275,A
3277,E
3279,D
3281,E
3283,D
3285,E
3287,E
3289,A
3291,D
3293,E
3295,D
3297,E
3299,E
3301,A
3303,D
3305,E
3307,D
3309,E
3311,E
3313,E
3315,E
3317,E
3319,E
3321,E
3323,D
3325,D
3327,E
3329,A
3331,D
3333,A
3335,E
3337,D
3339,D
3341,D
3343,E
3345,D
3347,D
3349,E
3351,E
3353,E
3355,D
3357,E
3359,E
3361,E
3363,D
3365,E
3367,E
3369,E
3371,B
3373,E
3375,E
3377,D
3379,D
3381,D
3383,E
3385,D
3387,B
3389,E
3391,D
3393,E
3395,E
3397,D
3399,E
3401,E
3403,A
3405,D
3407,D
3409,E
3411,D
3413,E
3415,E
3417,C
3419,E
3421,E
3423,A
3425,D
3427,D
3429,E
3431,E
3433,E
3435,E
3437,D
3439,D
3441,D
3443,E
3445,D
3447,E
3449,E
3451,E
3453,D
3455,E
3457,D
3459,A
3461,D
3463,D
3465,A
3467,A
3469,D
3471,A
3473,D
3475,A
3477,A
3479,E
3481,A
3483,D
3485,D
3487,E
3489,A
3491,D
3493,E
3495,D
3497,E
3499,E
3501,E
3503,D
3505,B
3507,D
3509,E
3511,A
3513,E
3515,E
3517,D
3519,A
3521,A
3523,A
3525,D
3527,D
3529,A
3531,D
3533,E
3535,D
3537,A
3539,E
3541,E
3543,A
3545,E
3547,D
3549,D
3551,D
3553,D
3555,D
3557,E
3559,D
3561,E
3563,D
3565,E
3567,B
3569,D
3571,E
3573,E
3575,D
3577,E
3579,E
3581,D
3583,E
3585,B
3587,E
3589,E
3591,E
3593,D
3595,D
3597,D
3599,E
3601,E
3603,D
3605,A
3607,D
3609,E
3611,D
3613,D
3615,E
3617,A
3619,D
3621,D
3623,A
3625,E
3627,E
3629,D
3631,B
3633,D
3635,E
3637,E
3639,E
3641,A
3643,D
3645,D
3647,E
3649,D
3651,E
3653,E
3655,E
3657,E
3659,E
3661,D
3663,E
3665,E
3667,E
3669,D
3671,E
3673,D
3675,E
3677,E
3679,E
3681,A
3683,E
3685,E
3687,E
3689,E
3691,E
3693,D
3695,E
3697,E
3699,E
3701,E
3703,E
3705,D
3707,E
3709,E
3711,A
3713,D
3715,E
3717,D
3719,D
3721,E
3723,E
3725,E
3727,E
3729,D
3731,A
3733,E
3735,D
3737,E
3739,E
3741,D
3743,E
3745,D
3747,E
3749,D
3751,E
3753,D
3755,D
3757,D
3759,D
3761,D
3763,E
3765,E
3767,E
3769,D
3771,A
3773,E
3775,A
3777,A
3779,E
3781,E
3783,E
3785,A
3787,E
3789,D
3791,B
3793,A
3795,D
3797,E
3799,E
3801,E
3803,D
3805,D
3807,E
3809,D
3811,D
3813,D
3815,D
3817,E
3819,A
3821,D
3823,D
3825,D
3827,E
3829,E
3831,D
3833,D
3835,E
3837,E
3839,A
3841,A
3843,E
3845,E
3847,E
3849,E
3851,E
3853,D
3855,A
3857,D
3859,D
3861,A
3863,A
3865,A
3867,E
3869,D
3871,D
3873,A
3875,E
3877,D
3879,D
3881,E
3883,E
3885,E
3887,A
3889,D
3891,D
3893,E
3895,E
3897,D
3899,D
3901,E
3903,E
3905,E
3907,C
3909,E
3911,D
3913,A
3915,D
3917,D
3919,A
3921,C
3923,D
3925,D
3927,E
3929,E
3931,E
3933,D
3935,A
3937,D
3939,D
3941,E
3943,E
3945,E
3947,D
3949,A
3951,D
3953,D
3955,D
3957,E
3959,E
3961,D
3963,E
3965,D
3967,E
3969,D
3971,A
3973,D
3975,E
3977,E
3979,A
3981,E
3983,D
3985,D
3987,E
3989,E
3991,E
3993,D
3995,B
3997,D
3999,A
4001,E
4003,D
4005,E
4007,A
4009,A
4011,E
4013,D
4015,E
4017,A
4019,E
4021,E
4023,C
4025,D
4027,D
4029,A
4031,E
4033,E
4035,E
4037,D
4039,D
4041,D
4043,D
4045,E
4047,D
4049,A
4051,E
4053,D
4055,E
4057,D
4059,D
4061,E
4063,A
4065,A
4067,D
4069,E
4071,D
4073,D
4075,E
4077,E
4079,E
4081,D
4083,E
4085,A
4087,D
4089,D
4091,A
4093,A
4095,D
4097,D
4099,D
4101,D
4103,E
4105,D
4107,E
4109,A
4111,D
4113,D
4115,E
4117,D
4119,D
4121,E
4123,A
4125,D
4127,D
4129,E
4131,D
4133,D
4135,E
4137,D
4139,E
4141,D
4143,D
4145,D
4147,E
4149,E
4151,E
4153,E
4155,E
4157,D
4159,B
4161,A
4163,A
4165,A
4167,E
4169,E
4171,D
4173,E
4175,E
4177,E
4179,E
4181,D
4183,D
4185,A
4187,E
4189,A
4191,E
4193,D
4195,D
4197,D
4199,A
4201,D
4203,E
4205,E
4207,E
4209,D
4211,A
4213,E
4215,D
4217,D
4219,D
4221,E
4223,E
4225,E
4227,A
4229,E
4231,E
4233,D
4235,D
4237,F
4239,A
4241,A
4243,D
4245,D
4247,E
4249,D
4251,E
4253,A
4255,E
4257,E
4259,E
4261,A
4263,E
4265,D
4267,E
4269,E
4271,E
4273,D
4275,E
4277,E
4279,E
4281,E
4283,D
4285,A
4287,D
4289,D
4291,E
4293,D
4295,D
4297,E
4299,E
4301,E
4303,A
4305,A
4307,E
4309,D
4311,D
4313,A
4315,C
4317,E
4319,E
4321,A
4323,E
4325,D
4327,E
4329,E
4331,A
4333,B
4335,D
4337,D
4339,D
4341,E
4343,D
4345,E
4347,D
4349,E
4351,E
4353,E
4355,E
4357,E
4359,E
4361,E
4363,A
4365,E
4367,A
4369,A
4371,D
4373,E
4375,D
4377,A
4379,E
4381,D
4383,E
4385,C
4387,D
4389,D
4391,A
4393,E
4395,D
4397,D
4399,E
4401,A
4403,E
4405,E
4407,E
4409,E
4411,E
4413,E
4415,E
4417,D
4419,D
4421,E
4423,E
4425,E
4427,D
4429,E
4431,D
4433,D
4435,A
4437,E
4439,E
4441,D
4443,D
4445,E
4447,E
4449,A
4451,D
4453,D
4455,A
4457,E
4459,E
4461,D
4463,E
4465,D
4467,F
4469,D
4471,D
4473,A
4475,D
4477,D
4479,E
4481,E
4483,D
4485,E
4487,D
4489,E
4491,D
4493,E
4495,D
4497,D
4499,D
4501,E
4503,D
4505,A
4507,D
4509,D
4511,D
4513,D
4515,A
4517,E
4519,D
4521,E
4523,E
4525,E
4527,D
4529,D
4531,D
4533,A
4535,A
4537,E
4539,E
4541,E
4543,D
4545,E
4547,E
4549,E
4551,D
4553,A
4555,A
4557,A
4559,D
4561,A
4563,E
4565,D
4567,E
4569,D
4571,C
4573,E
4575,D
4577,E
4579,E
4581,C
4583,E
4585,E
4587,E
4589,A
4591,E
4593,D
4595,E
4597,D
4599,D
4601,E
4603,E
4605,D
4607,D
4609,E
4611,E
4613,E
4615,D
4617,D
4619,E
4621,E
4623,A
4625,E
4627,E
4629,E
4631,A
4633,E
4635,E
4637,A
4639,E
4641,E
4643,E
4645,E
4647,E
4649,A
4651,E
4653,D
4655,A
4657,D
4659,E
4661,E
4663,D
4665,D
4667,D
4669,E
4671,A
4673,E
4675,E
4677,D
4679,E
4681,D
4683,D
4685,E
4687,A
4689,E
4691,E
4693,D
4695,E
4697,A
4699,E
4701,A
4703,E
4705,E
4707,E
4709,E
4711,D
4713,E
4715,E
4717,A
4719,D
4721,D
4723,D
4725,A
4727,D
4729,E
4731,D
4733,E
4735,A
4737,D
4739,A
4741,E
4743,A
4745,D
4747,D
4749,D
4751,E
4753,A
4755,E
4757,E
4759,D
4761,A
4763,A
4765,A
4767,E
4769,D
4771,E
4773,E
4775,D
4777,D
4779,E
4781,D
4783,D
4785,E
4787,E
4789,E
4791,D
4793,D
4795,E
4797,D
4799,D
4801,E
4803,E
4805,A
4807,A
4809,D
4811,A
4813,D
4815,E
4817,D
4819,E
4821,D
4823,E
4825,A
4827,E
4829,D
4831,D
4833,E
4835,E
4837,E
4839,E
4841,A
4843,D
4845,E
4847,E
4849,E
4851,E
4853,E
4855,E
4857,E
4859,D
4861,D
4863,E
4865,A
4867,E
4869,A
4871,A
4873,E
4875,E
4877,D
4879,D
4881,A
4883,E
4885,E
4887,A
4889,D
4891,E
4893,E
4895,A
4897,E
4899,E
4901,A
4903,D
4905,D
4907,D
4909,E
4911,D
4913,B
4915,D
4917,E
4919,E
4921,E
4923,E
4925,E
4927,E
4929,E
4931,D
4933,D
4935,E
4937,E
4939,E
4941,E
4943,D
4945,D
4947,E
4949,A
4951,E
4953,D
4955,E
4957,E
4959,E
4961,E
4963,E
4965,E
4967,E
4969,A
4971,A
4973,A
4975,D
4977,D
4979,D
4981,E
4983,E
4985,A
4987,D
4989,B
4991,D
4993,A
4995,D
4997,A
4999,A
5001,E
5003,E
5005,D
5007,E
5009,A
5011,D
5013,E
5015,E
5017,F
5019,E
5021,E
5023,E
5025,D
5027,D
5029,D
5031,D
5033,E
5035,E
5037,D
5039,D
5041,E
5043,E
5045,A
5047,E
5049,E
5051,E
5053,E
5055,E
5057,D
5059,A
5061,A
5063,A
5065,D
5067,E
5069,D
5071,E
5073,A
5075,E
5077,D
5079,A
5081,E
5083,B
5085,D
5087,D
5089,B
5091,E
5093,E
5095,E
5097,E
5099,E
5101,E
5103,E
5105,E
5107,E
5109,E
5111,E
5113,A
5115,E
5117,E
5119,E
5121,E
5123,E
5125,E
5127,E
5129,E
5131,E
5133,E
5135,E
5137,A
5139,A
5141,A
5143,B
5145,E
5147,E
5149,C
5151,B
5153,A
5155,E
5157,E
5159,C
5161,E
5163,E
5165,E
5167,E
5169,E
5171,B
5173,E
5175,E
5177,E
5179,E
5181,E
5183,E
5185,E
5187,E
5189,E
5191,E
5193,E
5195,E
5197,E
5199,E
5201,E
5203,B
5205,E
5207,A
5209,A
5211,C
5213,E
5215,A
5217,E
5219,E
5221,E
5223,E
5225,E
5227,E
5229,E
5231,B
5233,E
5235,E
5237,B
5239,E
5241,E
5243,E
5245,E
5247,A
5249,C
5251,C
5253,E
5255,A
5257,B
5259,A
5261,E
5263,E
5265,E
5267,E
5269,E
5271,E
5273,E
5275,B
5277,A
5279,B
5281,E
5283,E
5285,E
5287,B
5289,E
5291,A
5293,E
5295,E
5297,E
5299,E
5301,E
5303,C
5305,E
5307,E
5309,A
5311,C
5313,E
5315,E
5317,C
5319,C
5321,E
5323,B
5325,E
5327,E
5329,A
5331,E
5333,A
5335,A
5337,E
5339,E
5341,A
5343,A
5345,A
5347,C
5349,A
5351,A
5353,C
5355,C
5357,A
5359,A
5361,E
5363,C
5365,E
5367,E
5369,C
5371,E
5373,A
5375,E
5377,A
5379,A
5381,E
5383,E
5385,E
5387,C
5389,A
5391,A
5393,A
5395,A
5397,A
5399,B
5401,E
5403,A
5405,E
5407,B
5409,A
5411,C
5413,A
5415,A
5417,E
5419,B
5421,E
5423,E
5425,A
5427,E
5429,C
5431,C
5433,A
5435,E
5437,A
5439,C
5441,C
5443,E
5445,E
5447,C
5449,A
5451,E
5453,E
5455,E
5457,B
5459,C
5461,C
5463,E
5465,A
5467,E
5469,A
5471,B
5473,B
5475,A
5477,E
5479,A
5481,A
5483,E
5485,E
5487,A
5489,E
5491,A
5493,A
5495,A
5497,A
5499,C
5501,A
5503,C
5505,E
5507,E
5509,A
5511,C
5513,C
5515,A
5517,C
5519,E
5521,C
5523,E
5525,E
5527,A
5529,A
5531,C
5533,B
5535,A
5537,E
5539,E
5541,E
5543,A
5545,A
5547,A
5549,E
5551,C
5553,E
5555,E
5557,A
5559,E
5561,A
5563,A
5565,A
5567,E
5569,C
5571,A
5573,B
5575,E
5577,A
5579,A
5581,E
5583,A
5585,A
5587,E
5589,A
5591,A
5593,E
5595,A
5597,E
5599,C
5601,A
5603,E
5605,C
5607,C
5609,E
5611,C
5613,E
5615,C
5617,A
5619,A
5621,A
5623,E
5625,E
5627,C
5629,C
5631,A
5633,C
5635,C
5637,A
5639,C
5641,C
5643,E
5645,E
5647,B
5649,A
5651,C
5653,E
5655,C
5657,A
5659,A
5661,E
5663,E
5665,E
5667,C
5669,E
5671,A
5673,E
5675,C
5677,A
5679,E
5681,E
5683,E
5685,E
5687,A
5689,A
5691,E
5693,A
5695,A
5697,A
5699,A
5701,A
5703,C
5705,C
5707,A
5709,C
5711,A
5713,A
5715,C
5717,E
5719,A
5721,C
5723,E
5725,E
5727,A
5729,B
5731,E
5733,E
5735,E
5737,E
5739,C
5741,B
5743,C
5745,E
5747,A
5749,A
5751,B
5753,E
5755,C
5757,C
5759,A
5761,E
5763,E
5765,E
5767,A
5769,E
5771,A
5773,A
5775,B
5777,A
5779,A
5781,E
5783,A
5785,A
5787,A
5789,E
5791,A
5793,A
5795,E
5797,C
5799,A
5801,E
5803,A
5805,A
5807,C
5809,E
5811,A
5813,C
5815,C
5817,E
5819,E
5821,A
5823,E
5825,C
5827,C
5829,E
5831,A
5833,B
5835,E
5837,E
5839,E
5841,A
5843,A
5845,A
5847,E
5849,A
5851,C
5853,A
5855,E
5857,E
5859,E
5861,A
5863,E
5865,A
5867,E
5869,C
5871,A
5873,E
5875,C
5877,A
5879,E
5881,E
5883,E
5885,E
5887,E
5889,A
5891,C
5893,E
5895,C
5897,A
5899,A
5901,A
5903,A
5905,C
5907,C
5909,E
5911,A
5913,E
5915,E
5917,C
5919,B
5921,E
5923,A
5925,C
5927,A
5929,E
5931,A
5933,E
5935,A
5937,C
5939,A
5941,A
5943,A
5945,E
5947,E
5949,E
5951,C
5953,A
5955,E
5957,A
5959,C
5961,B
5963,C
5965,E
5967,E
5969,A
5971,A
5973,E
5975,A
5977,E
5979,A
5981,E
5983,E
5985,E
5987,A
5989,E
5991,A
5993,A
5995,A
5997,A
5999,A
6001,E
6003,B
6005,E
6007,B
6009,C
6011,C
6013,E
6015,C
6017,C
6019,A
6021,B
6023,A
6025,E
6027,B
6029,E
6031,A
6033,A
6035,A
6037,B
6039,A
6041,A
6043,A
6045,E
6047,A
6049,A
6051,C
6053,A
6055,C
6057,A
6059,C
6061,A
6063,A
6065,C
6067,C
6069,E
6071,A
6073,E
6075,A
6077,E
6079,A
6081,A
6083,A
6085,E
6087,A
6089,C
6091,A
6093,E
6095,A
6097,C
6099,A
6101,E
6103,E
6105,A
6107,B
6109,C
6111,C
6113,C
6115,A
6117,E
6119,A
6121,C
6123,A
6125,E
6127,A
6129,A
6131,E
6133,A
6135,E
6137,A
6139,C
6141,C
6143,C
6145,C
6147,C
6149,A
6151,A
6153,E
6155,A
6157,B
6159,A
6161,C
6163,A
6165,E
6167,E
6169,A
6171,C
6173,B
6175,A
6177,E
6179,B
6181,E
6183,A
6185,A
6187,A
6189,A
6191,A
6193,E
6195,B
6197,E
6199,E
6201,C
6203,A
6205,C
6207,B
6209,A
6211,A
6213,C
6215,E
6217,A
6219,E
6221,E
6223,B
6225,C
6227,C
6229,E
6231,A
6233,A
6235,C
6237,C
6239,E
6241,A
6243,E
6245,A
6247,C
6249,A
6251,C
6253,A
6255,A
6257,E
6259,C
6261,B
6263,E
6265,A
6267,A
6269,E
6271,E
6273,E
6275,E
6277,A
6279,A
6281,C
6283,B
6285,C
6287,A
6289,C
6291,A
6293,C
6295,C
6297,E
6299,E
6301,C
6303,C
6305,C
6307,B
6309,E
6311,A
6313,A
6315,C
6317,C
6319,E
6321,E
6323,C
6325,A
6327,A
6329,A
6331,A
6333,A
6335,E
6337,C
6339,A
6341,B
6343,A
6345,A
6347,E
6349,A
6351,B
6353,E
6355,E
6357,E
6359,A
6361,A
6363,A
6365,A
6367,A
6369,A
6371,A
6373,A
6375,A
6377,A
6379,A
6381,B
6383,A
6385,C
6387,E
6389,C
6391,E
6393,C
6395,A
6397,E
6399,C
6401,A
6403,E
6405,C
6407,C
6409,C
6411,E
6413,A
6415,A
6417,E
6419,E
6421,A
6423,A
6425,C
6427,E
6429,C
6431,C
6433,A
6435,E
6437,A
6439,A
6441,C
6443,C
6445,A
6447,C
6449,A
6451,A
6453,C
6455,C
6457,C
6459,E
6461,B
6463,E
6465,E
6467,C
6469,C
6471,C
6473,A
6475,E
6477,E
6479,A
6481,E
6483,A
6485,E
6487,A
6489,A
6491,C
6493,A
6495,E
6497,E
6499,C
6501,A
6503,E
6505,E
6507,E
6509,A
6511,A
6513,E
6515,A
6517,C
6519,A
6521,C
6523,A
6525,E
6527,E
6529,A
6531,E
6533,A
6535,C
6537,E
6539,E
6541,A
6543,A
6545,E
6547,C
6549,E
6551,E
6553,B
6555,C
6557,A
6559,A
6561,C
6563,A
6565,A
6567,A
6569,E
6571,E
6573,A
6575,A
6577,A
6579,C
6581,E
6583,A
6585,A
6587,A
6589,C
6591,E
6593,E
6595,E
6597,C
6599,E
6601,E
6603,A
6605,E
6607,A
6609,E
6611,E
6613,C
6615,A
6617,A
6619,A
6621,E
6623,A
6625,E
6627,E
6629,A
6631,A
6633,E
